district_code,district_name,date,selling_price_m2
1,Ciutat Vella,2006-01,n.d.
1,Ciutat Vella,2006-02,n.d.
1,Ciutat Vella,2006-03,n.d.
1,Ciutat Vella,2006-04,n.d.
1,Ciutat Vella,2006-05,n.d.
1,Ciutat Vella,2006-06,n.d.
1,Ciutat Vella,2006-07,n.d.
1,Ciutat Vella,2006-08,n.d.
1,Ciutat Vella,2006-09,n.d.
1,Ciutat Vella,2006-10,n.d.
1,Ciutat Vella,2006-11,n.d.
1,Ciutat Vella,2006-12,n.d.
1,Ciutat Vella,2007-01,n.d.
1,Ciutat Vella,2007-02,n.d.
1,Ciutat Vella,2007-03,n.d.
1,Ciutat Vella,2007-04,n.d.
1,Ciutat Vella,2007-05,n.d.
1,Ciutat Vella,2007-06,n.d.
1,Ciutat Vella,2007-07,n.d.
1,Ciutat Vella,2007-08,n.d.
1,Ciutat Vella,2007-09,n.d.
1,Ciutat Vella,2007-10,n.d.
1,Ciutat Vella,2007-11,n.d.
1,Ciutat Vella,2007-12,n.d.
1,Ciutat Vella,2008-01,n.d.
1,Ciutat Vella,2008-02,n.d.
1,Ciutat Vella,2008-03,n.d.
1,Ciutat Vella,2008-04,n.d.
1,Ciutat Vella,2008-05,n.d.
1,Ciutat Vella,2008-06,n.d.
1,Ciutat Vella,2008-07,n.d.
1,Ciutat Vella,2008-08,n.d.
1,Ciutat Vella,2008-09,n.d.
1,Ciutat Vella,2008-10,4046
1,Ciutat Vella,2008-11,4029
1,Ciutat Vella,2008-12,3959
1,Ciutat Vella,2009-01,4029
1,Ciutat Vella,2009-02,4138
1,Ciutat Vella,2009-03,4233
1,Ciutat Vella,2009-04,4151
1,Ciutat Vella,2009-05,4050
1,Ciutat Vella,2009-06,4100
1,Ciutat Vella,2009-07,4164
1,Ciutat Vella,2009-08,3884
1,Ciutat Vella,2009-09,3918
1,Ciutat Vella,2009-10,3919
1,Ciutat Vella,2009-11,4059
1,Ciutat Vella,2009-12,4054
1,Ciutat Vella,2010-01,3866
1,Ciutat Vella,2010-02,3842
1,Ciutat Vella,2010-03,3833
1,Ciutat Vella,2010-04,3884
1,Ciutat Vella,2010-05,3762
1,Ciutat Vella,2010-06,3787
1,Ciutat Vella,2010-07,3816
1,Ciutat Vella,2010-08,3747
1,Ciutat Vella,2010-09,3747
1,Ciutat Vella,2010-10,3743
1,Ciutat Vella,2010-11,3733
1,Ciutat Vella,2010-12,3665
1,Ciutat Vella,2011-01,3658
1,Ciutat Vella,2011-02,3660
1,Ciutat Vella,2011-03,3639
1,Ciutat Vella,2011-04,3533
1,Ciutat Vella,2011-05,3520
1,Ciutat Vella,2011-06,3469
1,Ciutat Vella,2011-07,3422
1,Ciutat Vella,2011-08,3329
1,Ciutat Vella,2011-09,3333
1,Ciutat Vella,2011-10,3300
1,Ciutat Vella,2011-11,3234
1,Ciutat Vella,2011-12,3201
1,Ciutat Vella,2012-01,3166
1,Ciutat Vella,2012-02,3108
1,Ciutat Vella,2012-03,3137
1,Ciutat Vella,2012-04,3123
1,Ciutat Vella,2012-05,3064
1,Ciutat Vella,2012-06,3036
1,Ciutat Vella,2012-07,3003
1,Ciutat Vella,2012-08,3003
1,Ciutat Vella,2012-09,3005
1,Ciutat Vella,2012-10,3043
1,Ciutat Vella,2012-11,3041
1,Ciutat Vella,2012-12,3005
1,Ciutat Vella,2013-01,2996
1,Ciutat Vella,2013-02,2978
1,Ciutat Vella,2013-03,2915
1,Ciutat Vella,2013-04,2938
1,Ciutat Vella,2013-05,3002
1,Ciutat Vella,2013-06,2994
1,Ciutat Vella,2013-07,3077
1,Ciutat Vella,2013-08,3091
1,Ciutat Vella,2013-09,3131
1,Ciutat Vella,2013-10,3182
1,Ciutat Vella,2013-11,3127
1,Ciutat Vella,2013-12,3143
1,Ciutat Vella,2014-01,3135
1,Ciutat Vella,2014-02,3143
1,Ciutat Vella,2014-03,3174
1,Ciutat Vella,2014-04,3139
1,Ciutat Vella,2014-05,3139
1,Ciutat Vella,2014-06,3178
1,Ciutat Vella,2014-07,3175
1,Ciutat Vella,2014-08,3165
1,Ciutat Vella,2014-09,3192
1,Ciutat Vella,2014-10,3234
1,Ciutat Vella,2014-11,3230
1,Ciutat Vella,2014-12,3276
1,Ciutat Vella,2015-01,3306
1,Ciutat Vella,2015-02,3330
1,Ciutat Vella,2015-03,3330
1,Ciutat Vella,2015-04,3349
1,Ciutat Vella,2015-05,3404
1,Ciutat Vella,2015-06,3439
1,Ciutat Vella,2015-07,3488
1,Ciutat Vella,2015-08,3514
1,Ciutat Vella,2015-09,3575
1,Ciutat Vella,2015-10,3644
1,Ciutat Vella,2015-11,3646
1,Ciutat Vella,2015-12,3635
1,Ciutat Vella,2016-01,3636
1,Ciutat Vella,2016-02,3626
1,Ciutat Vella,2016-03,3632
1,Ciutat Vella,2016-04,3634
1,Ciutat Vella,2016-05,3680
1,Ciutat Vella,2016-06,3745
1,Ciutat Vella,2016-07,3796
1,Ciutat Vella,2016-08,3822
1,Ciutat Vella,2016-09,3883
1,Ciutat Vella,2016-10,3970
1,Ciutat Vella,2016-11,4030
1,Ciutat Vella,2016-12,4043
1,Ciutat Vella,2017-01,4092
1,Ciutat Vella,2017-02,4129
1,Ciutat Vella,2017-03,4186
1,Ciutat Vella,2017-04,4206
1,Ciutat Vella,2017-05,4363
1,Ciutat Vella,2017-06,4380
1,Ciutat Vella,2017-07,4414
1,Ciutat Vella,2017-08,4489
1,Ciutat Vella,2017-09,4569
1,Ciutat Vella,2017-10,4600
1,Ciutat Vella,2017-11,4563
1,Ciutat Vella,2017-12,4542
1,Ciutat Vella,2018-01,4523
1,Ciutat Vella,2018-02,4476
1,Ciutat Vella,2018-03,4466
1,Ciutat Vella,2018-04,4449
1,Ciutat Vella,2018-05,4472
1,Ciutat Vella,2018-06,4447
1,Ciutat Vella,2018-07,4419
1,Ciutat Vella,2018-08,4485
1,Ciutat Vella,2018-09,4482
1,Ciutat Vella,2018-10,4475
1,Ciutat Vella,2018-11,4400
1,Ciutat Vella,2018-12,4364
1,Ciutat Vella,2019-01,4376
1,Ciutat Vella,2019-02,4353
1,Ciutat Vella,2019-03,4318
1,Ciutat Vella,2019-04,4350
1,Ciutat Vella,2019-05,4364
1,Ciutat Vella,2019-06,4393
1,Ciutat Vella,2019-07,4408
1,Ciutat Vella,2019-08,4406
1,Ciutat Vella,2019-09,4412
1,Ciutat Vella,2019-10,4410
1,Ciutat Vella,2019-11,4375
1,Ciutat Vella,2019-12,4320
1,Ciutat Vella,2020-01,4308
1,Ciutat Vella,2020-02,4306
1,Ciutat Vella,2020-03,4297
1,Ciutat Vella,2020-04,4328
2,Eixample,2006-01,n.d.
2,Eixample,2006-02,n.d.
2,Eixample,2006-03,n.d.
2,Eixample,2006-04,n.d.
2,Eixample,2006-05,n.d.
2,Eixample,2006-06,n.d.
2,Eixample,2006-07,n.d.
2,Eixample,2006-08,n.d.
2,Eixample,2006-09,n.d.
2,Eixample,2006-10,n.d.
2,Eixample,2006-11,n.d.
2,Eixample,2006-12,n.d.
2,Eixample,2007-01,n.d.
2,Eixample,2007-02,n.d.
2,Eixample,2007-03,n.d.
2,Eixample,2007-04,n.d.
2,Eixample,2007-05,n.d.
2,Eixample,2007-06,n.d.
2,Eixample,2007-07,n.d.
2,Eixample,2007-08,n.d.
2,Eixample,2007-09,n.d.
2,Eixample,2007-10,n.d.
2,Eixample,2007-11,n.d.
2,Eixample,2007-12,n.d.
2,Eixample,2008-01,n.d.
2,Eixample,2008-02,n.d.
2,Eixample,2008-03,n.d.
2,Eixample,2008-04,n.d.
2,Eixample,2008-05,n.d.
2,Eixample,2008-06,4367
2,Eixample,2008-07,4386
2,Eixample,2008-08,4342
2,Eixample,2008-09,4270
2,Eixample,2008-10,4286
2,Eixample,2008-11,4308
2,Eixample,2008-12,4254
2,Eixample,2009-01,4270
2,Eixample,2009-02,4238
2,Eixample,2009-03,4363
2,Eixample,2009-04,4316
2,Eixample,2009-05,4286
2,Eixample,2009-06,4158
2,Eixample,2009-07,4094
2,Eixample,2009-08,4118
2,Eixample,2009-09,4134
2,Eixample,2009-10,4182
2,Eixample,2009-11,4158
2,Eixample,2009-12,4241
2,Eixample,2010-01,4171
2,Eixample,2010-02,4151
2,Eixample,2010-03,4143
2,Eixample,2010-04,4206
2,Eixample,2010-05,4220
2,Eixample,2010-06,4276
2,Eixample,2010-07,4278
2,Eixample,2010-08,4271
2,Eixample,2010-09,4284
2,Eixample,2010-10,4267
2,Eixample,2010-11,4296
2,Eixample,2010-12,4280
2,Eixample,2011-01,4249
2,Eixample,2011-02,4197
2,Eixample,2011-03,4139
2,Eixample,2011-04,4083
2,Eixample,2011-05,4032
2,Eixample,2011-06,3990
2,Eixample,2011-07,3947
2,Eixample,2011-08,3900
2,Eixample,2011-09,3889
2,Eixample,2011-10,3849
2,Eixample,2011-11,3817
2,Eixample,2011-12,3770
2,Eixample,2012-01,3724
2,Eixample,2012-02,3647
2,Eixample,2012-03,3632
2,Eixample,2012-04,3582
2,Eixample,2012-05,3531
2,Eixample,2012-06,3466
2,Eixample,2012-07,3377
2,Eixample,2012-08,3323
2,Eixample,2012-09,3353
2,Eixample,2012-10,3317
2,Eixample,2012-11,3286
2,Eixample,2012-12,3252
2,Eixample,2013-01,3265
2,Eixample,2013-02,3247
2,Eixample,2013-03,3223
2,Eixample,2013-04,3185
2,Eixample,2013-05,3181
2,Eixample,2013-06,3175
2,Eixample,2013-07,3164
2,Eixample,2013-08,3167
2,Eixample,2013-09,3235
2,Eixample,2013-10,3231
2,Eixample,2013-11,3259
2,Eixample,2013-12,3275
2,Eixample,2014-01,3283
2,Eixample,2014-02,3274
2,Eixample,2014-03,3234
2,Eixample,2014-04,3253
2,Eixample,2014-05,3262
2,Eixample,2014-06,3248
2,Eixample,2014-07,3282
2,Eixample,2014-08,3276
2,Eixample,2014-09,3312
2,Eixample,2014-10,3315
2,Eixample,2014-11,3321
2,Eixample,2014-12,3346
2,Eixample,2015-01,3385
2,Eixample,2015-02,3400
2,Eixample,2015-03,3468
2,Eixample,2015-04,3501
2,Eixample,2015-05,3500
2,Eixample,2015-06,3506
2,Eixample,2015-07,3542
2,Eixample,2015-08,3550
2,Eixample,2015-09,3616
2,Eixample,2015-10,3629
2,Eixample,2015-11,3633
2,Eixample,2015-12,3638
2,Eixample,2016-01,3663
2,Eixample,2016-02,3680
2,Eixample,2016-03,3769
2,Eixample,2016-04,3812
2,Eixample,2016-05,3873
2,Eixample,2016-06,3883
2,Eixample,2016-07,3886
2,Eixample,2016-08,3893
2,Eixample,2016-09,3937
2,Eixample,2016-10,3993
2,Eixample,2016-11,4087
2,Eixample,2016-12,4217
2,Eixample,2017-01,4335
2,Eixample,2017-02,4478
2,Eixample,2017-03,4610
2,Eixample,2017-04,4700
2,Eixample,2017-05,4797
2,Eixample,2017-06,4934
2,Eixample,2017-07,4909
2,Eixample,2017-08,4887
2,Eixample,2017-09,4884
2,Eixample,2017-10,4921
2,Eixample,2017-11,4841
2,Eixample,2017-12,4803
2,Eixample,2018-01,4811
2,Eixample,2018-02,4755
2,Eixample,2018-03,4733
2,Eixample,2018-04,4725
2,Eixample,2018-05,4758
2,Eixample,2018-06,4842
2,Eixample,2018-07,4889
2,Eixample,2018-08,4928
2,Eixample,2018-09,4922
2,Eixample,2018-10,4860
2,Eixample,2018-11,4798
2,Eixample,2018-12,4760
2,Eixample,2019-01,4782
2,Eixample,2019-02,4762
2,Eixample,2019-03,4777
2,Eixample,2019-04,4770
2,Eixample,2019-05,4769
2,Eixample,2019-06,4792
2,Eixample,2019-07,4796
2,Eixample,2019-08,4763
2,Eixample,2019-09,4785
2,Eixample,2019-10,4770
2,Eixample,2019-11,4683
2,Eixample,2019-12,4632
2,Eixample,2020-01,4660
2,Eixample,2020-02,4665
2,Eixample,2020-03,4693
2,Eixample,2020-04,4726
3,Sants-Montjuic,2006-01,n.d.
3,Sants-Montjuic,2006-02,n.d.
3,Sants-Montjuic,2006-03,n.d.
3,Sants-Montjuic,2006-04,n.d.
3,Sants-Montjuic,2006-05,n.d.
3,Sants-Montjuic,2006-06,n.d.
3,Sants-Montjuic,2006-07,n.d.
3,Sants-Montjuic,2006-08,n.d.
3,Sants-Montjuic,2006-09,n.d.
3,Sants-Montjuic,2006-10,n.d.
3,Sants-Montjuic,2006-11,n.d.
3,Sants-Montjuic,2006-12,n.d.
3,Sants-Montjuic,2007-01,n.d.
3,Sants-Montjuic,2007-02,n.d.
3,Sants-Montjuic,2007-03,n.d.
3,Sants-Montjuic,2007-04,n.d.
3,Sants-Montjuic,2007-05,n.d.
3,Sants-Montjuic,2007-06,n.d.
3,Sants-Montjuic,2007-07,n.d.
3,Sants-Montjuic,2007-08,n.d.
3,Sants-Montjuic,2007-09,n.d.
3,Sants-Montjuic,2007-10,n.d.
3,Sants-Montjuic,2007-11,n.d.
3,Sants-Montjuic,2007-12,n.d.
3,Sants-Montjuic,2008-01,n.d.
3,Sants-Montjuic,2008-02,n.d.
3,Sants-Montjuic,2008-03,n.d.
3,Sants-Montjuic,2008-04,n.d.
3,Sants-Montjuic,2008-05,n.d.
3,Sants-Montjuic,2008-06,n.d.
3,Sants-Montjuic,2008-07,n.d.
3,Sants-Montjuic,2008-08,n.d.
3,Sants-Montjuic,2008-09,n.d.
3,Sants-Montjuic,2008-10,n.d.
3,Sants-Montjuic,2008-11,n.d.
3,Sants-Montjuic,2008-12,3790
3,Sants-Montjuic,2009-01,n.d.
3,Sants-Montjuic,2009-02,3929
3,Sants-Montjuic,2009-03,3821
3,Sants-Montjuic,2009-04,3826
3,Sants-Montjuic,2009-05,3787
3,Sants-Montjuic,2009-06,3726
3,Sants-Montjuic,2009-07,3775
3,Sants-Montjuic,2009-08,3777
3,Sants-Montjuic,2009-09,3640
3,Sants-Montjuic,2009-10,3570
3,Sants-Montjuic,2009-11,3533
3,Sants-Montjuic,2009-12,3534
3,Sants-Montjuic,2010-01,3547
3,Sants-Montjuic,2010-02,3516
3,Sants-Montjuic,2010-03,3596
3,Sants-Montjuic,2010-04,3613
3,Sants-Montjuic,2010-05,3617
3,Sants-Montjuic,2010-06,3556
3,Sants-Montjuic,2010-07,3512
3,Sants-Montjuic,2010-08,3437
3,Sants-Montjuic,2010-09,3577
3,Sants-Montjuic,2010-10,3545
3,Sants-Montjuic,2010-11,3484
3,Sants-Montjuic,2010-12,3435
3,Sants-Montjuic,2011-01,3435
3,Sants-Montjuic,2011-02,3424
3,Sants-Montjuic,2011-03,3375
3,Sants-Montjuic,2011-04,3283
3,Sants-Montjuic,2011-05,3263
3,Sants-Montjuic,2011-06,3200
3,Sants-Montjuic,2011-07,3160
3,Sants-Montjuic,2011-08,3106
3,Sants-Montjuic,2011-09,3053
3,Sants-Montjuic,2011-10,2993
3,Sants-Montjuic,2011-11,2994
3,Sants-Montjuic,2011-12,2994
3,Sants-Montjuic,2012-01,2980
3,Sants-Montjuic,2012-02,2936
3,Sants-Montjuic,2012-03,2838
3,Sants-Montjuic,2012-04,2784
3,Sants-Montjuic,2012-05,2780
3,Sants-Montjuic,2012-06,2709
3,Sants-Montjuic,2012-07,2693
3,Sants-Montjuic,2012-08,2715
3,Sants-Montjuic,2012-09,2731
3,Sants-Montjuic,2012-10,2687
3,Sants-Montjuic,2012-11,2678
3,Sants-Montjuic,2012-12,2616
3,Sants-Montjuic,2013-01,2601
3,Sants-Montjuic,2013-02,2572
3,Sants-Montjuic,2013-03,2550
3,Sants-Montjuic,2013-04,2541
3,Sants-Montjuic,2013-05,2512
3,Sants-Montjuic,2013-06,2506
3,Sants-Montjuic,2013-07,2458
3,Sants-Montjuic,2013-08,2453
3,Sants-Montjuic,2013-09,2508
3,Sants-Montjuic,2013-10,2506
3,Sants-Montjuic,2013-11,2481
3,Sants-Montjuic,2013-12,2407
3,Sants-Montjuic,2014-01,2403
3,Sants-Montjuic,2014-02,2421
3,Sants-Montjuic,2014-03,2431
3,Sants-Montjuic,2014-04,2467
3,Sants-Montjuic,2014-05,2476
3,Sants-Montjuic,2014-06,2467
3,Sants-Montjuic,2014-07,2481
3,Sants-Montjuic,2014-08,2475
3,Sants-Montjuic,2014-09,2514
3,Sants-Montjuic,2014-10,2500
3,Sants-Montjuic,2014-11,2501
3,Sants-Montjuic,2014-12,2514
3,Sants-Montjuic,2015-01,2537
3,Sants-Montjuic,2015-02,2510
3,Sants-Montjuic,2015-03,2502
3,Sants-Montjuic,2015-04,2482
3,Sants-Montjuic,2015-05,2481
3,Sants-Montjuic,2015-06,2524
3,Sants-Montjuic,2015-07,2532
3,Sants-Montjuic,2015-08,2554
3,Sants-Montjuic,2015-09,2567
3,Sants-Montjuic,2015-10,2581
3,Sants-Montjuic,2015-11,2628
3,Sants-Montjuic,2015-12,2664
3,Sants-Montjuic,2016-01,2687
3,Sants-Montjuic,2016-02,2732
3,Sants-Montjuic,2016-03,2731
3,Sants-Montjuic,2016-04,2703
3,Sants-Montjuic,2016-05,2709
3,Sants-Montjuic,2016-06,2718
3,Sants-Montjuic,2016-07,2773
3,Sants-Montjuic,2016-08,2808
3,Sants-Montjuic,2016-09,2832
3,Sants-Montjuic,2016-10,2855
3,Sants-Montjuic,2016-11,2838
3,Sants-Montjuic,2016-12,2881
3,Sants-Montjuic,2017-01,2939
3,Sants-Montjuic,2017-02,3001
3,Sants-Montjuic,2017-03,3094
3,Sants-Montjuic,2017-04,3236
3,Sants-Montjuic,2017-05,3295
3,Sants-Montjuic,2017-06,3352
3,Sants-Montjuic,2017-07,3339
3,Sants-Montjuic,2017-08,3385
3,Sants-Montjuic,2017-09,3442
3,Sants-Montjuic,2017-10,3490
3,Sants-Montjuic,2017-11,3589
3,Sants-Montjuic,2017-12,3611
3,Sants-Montjuic,2018-01,3590
3,Sants-Montjuic,2018-02,3605
3,Sants-Montjuic,2018-03,3630
3,Sants-Montjuic,2018-04,3666
3,Sants-Montjuic,2018-05,3686
3,Sants-Montjuic,2018-06,3651
3,Sants-Montjuic,2018-07,3619
3,Sants-Montjuic,2018-08,3591
3,Sants-Montjuic,2018-09,3626
3,Sants-Montjuic,2018-10,3673
3,Sants-Montjuic,2018-11,3661
3,Sants-Montjuic,2018-12,3620
3,Sants-Montjuic,2019-01,3616
3,Sants-Montjuic,2019-02,3659
3,Sants-Montjuic,2019-03,3680
3,Sants-Montjuic,2019-04,3726
3,Sants-Montjuic,2019-05,3730
3,Sants-Montjuic,2019-06,3677
3,Sants-Montjuic,2019-07,3638
3,Sants-Montjuic,2019-08,3577
3,Sants-Montjuic,2019-09,3568
3,Sants-Montjuic,2019-10,3568
3,Sants-Montjuic,2019-11,3571
3,Sants-Montjuic,2019-12,3539
3,Sants-Montjuic,2020-01,3509
3,Sants-Montjuic,2020-02,3525
3,Sants-Montjuic,2020-03,3552
3,Sants-Montjuic,2020-04,3566
4,Les Corts,2006-01,n.d.
4,Les Corts,2006-02,n.d.
4,Les Corts,2006-03,n.d.
4,Les Corts,2006-04,n.d.
4,Les Corts,2006-05,n.d.
4,Les Corts,2006-06,n.d.
4,Les Corts,2006-07,n.d.
4,Les Corts,2006-08,n.d.
4,Les Corts,2006-09,n.d.
4,Les Corts,2006-10,n.d.
4,Les Corts,2006-11,n.d.
4,Les Corts,2006-12,n.d.
4,Les Corts,2007-01,n.d.
4,Les Corts,2007-02,n.d.
4,Les Corts,2007-03,n.d.
4,Les Corts,2007-04,n.d.
4,Les Corts,2007-05,n.d.
4,Les Corts,2007-06,n.d.
4,Les Corts,2007-07,n.d.
4,Les Corts,2007-08,n.d.
4,Les Corts,2007-09,n.d.
4,Les Corts,2007-10,n.d.
4,Les Corts,2007-11,n.d.
4,Les Corts,2007-12,n.d.
4,Les Corts,2008-01,n.d.
4,Les Corts,2008-02,n.d.
4,Les Corts,2008-03,n.d.
4,Les Corts,2008-04,n.d.
4,Les Corts,2008-05,n.d.
4,Les Corts,2008-06,n.d.
4,Les Corts,2008-07,n.d.
4,Les Corts,2008-08,n.d.
4,Les Corts,2008-09,n.d.
4,Les Corts,2008-10,n.d.
4,Les Corts,2008-11,n.d.
4,Les Corts,2008-12,n.d.
4,Les Corts,2009-01,n.d.
4,Les Corts,2009-02,n.d.
4,Les Corts,2009-03,n.d.
4,Les Corts,2009-04,n.d.
4,Les Corts,2009-05,n.d.
4,Les Corts,2009-06,n.d.
4,Les Corts,2009-07,n.d.
4,Les Corts,2009-08,n.d.
4,Les Corts,2009-09,n.d.
4,Les Corts,2009-10,n.d.
4,Les Corts,2009-11,n.d.
4,Les Corts,2009-12,4562
4,Les Corts,2010-01,4637
4,Les Corts,2010-02,4752
4,Les Corts,2010-03,4762
4,Les Corts,2010-04,4719
4,Les Corts,2010-05,4718
4,Les Corts,2010-06,4745
4,Les Corts,2010-07,4843
4,Les Corts,2010-08,4925
4,Les Corts,2010-09,4913
4,Les Corts,2010-10,4902
4,Les Corts,2010-11,4928
4,Les Corts,2010-12,4897
4,Les Corts,2011-01,4838
4,Les Corts,2011-02,4700
4,Les Corts,2011-03,4597
4,Les Corts,2011-04,4573
4,Les Corts,2011-05,4580
4,Les Corts,2011-06,4505
4,Les Corts,2011-07,4391
4,Les Corts,2011-08,4521
4,Les Corts,2011-09,4520
4,Les Corts,2011-10,4464
4,Les Corts,2011-11,4410
4,Les Corts,2011-12,4353
4,Les Corts,2012-01,4479
4,Les Corts,2012-02,4502
4,Les Corts,2012-03,4452
4,Les Corts,2012-04,4433
4,Les Corts,2012-05,4359
4,Les Corts,2012-06,4296
4,Les Corts,2012-07,4291
4,Les Corts,2012-08,4260
4,Les Corts,2012-09,4139
4,Les Corts,2012-10,4282
4,Les Corts,2012-11,4221
4,Les Corts,2012-12,4166
4,Les Corts,2013-01,4212
4,Les Corts,2013-02,4148
4,Les Corts,2013-03,4158
4,Les Corts,2013-04,4009
4,Les Corts,2013-05,4010
4,Les Corts,2013-06,4086
4,Les Corts,2013-07,4118
4,Les Corts,2013-08,4089
4,Les Corts,2013-09,4034
4,Les Corts,2013-10,4024
4,Les Corts,2013-11,3986
4,Les Corts,2013-12,3913
4,Les Corts,2014-01,3966
4,Les Corts,2014-02,3977
4,Les Corts,2014-03,4006
4,Les Corts,2014-04,4067
4,Les Corts,2014-05,4090
4,Les Corts,2014-06,4095
4,Les Corts,2014-07,4137
4,Les Corts,2014-08,4130
4,Les Corts,2014-09,4090
4,Les Corts,2014-10,4179
4,Les Corts,2014-11,4074
4,Les Corts,2014-12,4100
4,Les Corts,2015-01,4166
4,Les Corts,2015-02,4163
4,Les Corts,2015-03,4144
4,Les Corts,2015-04,4118
4,Les Corts,2015-05,4097
4,Les Corts,2015-06,4097
4,Les Corts,2015-07,4128
4,Les Corts,2015-08,4201
4,Les Corts,2015-09,4233
4,Les Corts,2015-10,4194
4,Les Corts,2015-11,4240
4,Les Corts,2015-12,4246
4,Les Corts,2016-01,4290
4,Les Corts,2016-02,4387
4,Les Corts,2016-03,4484
4,Les Corts,2016-04,4449
4,Les Corts,2016-05,4467
4,Les Corts,2016-06,4536
4,Les Corts,2016-07,4486
4,Les Corts,2016-08,4450
4,Les Corts,2016-09,4500
4,Les Corts,2016-10,4539
4,Les Corts,2016-11,4539
4,Les Corts,2016-12,4620
4,Les Corts,2017-01,4709
4,Les Corts,2017-02,4827
4,Les Corts,2017-03,4857
4,Les Corts,2017-04,4932
4,Les Corts,2017-05,5119
4,Les Corts,2017-06,5325
4,Les Corts,2017-07,5194
4,Les Corts,2017-08,5028
4,Les Corts,2017-09,5047
4,Les Corts,2017-10,5143
4,Les Corts,2017-11,5184
4,Les Corts,2017-12,5168
4,Les Corts,2018-01,5251
4,Les Corts,2018-02,5138
4,Les Corts,2018-03,5133
4,Les Corts,2018-04,5106
4,Les Corts,2018-05,5085
4,Les Corts,2018-06,5012
4,Les Corts,2018-07,4843
4,Les Corts,2018-08,4789
4,Les Corts,2018-09,4832
4,Les Corts,2018-10,4801
4,Les Corts,2018-11,4832
4,Les Corts,2018-12,4802
4,Les Corts,2019-01,4785
4,Les Corts,2019-02,4819
4,Les Corts,2019-03,4852
4,Les Corts,2019-04,4908
4,Les Corts,2019-05,4865
4,Les Corts,2019-06,4837
4,Les Corts,2019-07,4824
4,Les Corts,2019-08,4782
4,Les Corts,2019-09,4782
4,Les Corts,2019-10,4749
4,Les Corts,2019-11,4722
4,Les Corts,2019-12,4763
4,Les Corts,2020-01,4855
4,Les Corts,2020-02,4929
4,Les Corts,2020-03,4981
4,Les Corts,2020-04,5083
5,Sarrià – Sant Gervasi,2006-01,n.d.
5,Sarrià – Sant Gervasi,2006-02,n.d.
5,Sarrià – Sant Gervasi,2006-03,n.d.
5,Sarrià – Sant Gervasi,2006-04,n.d.
5,Sarrià – Sant Gervasi,2006-05,n.d.
5,Sarrià – Sant Gervasi,2006-06,n.d.
5,Sarrià – Sant Gervasi,2006-07,n.d.
5,Sarrià – Sant Gervasi,2006-08,n.d.
5,Sarrià – Sant Gervasi,2006-09,n.d.
5,Sarrià – Sant Gervasi,2006-10,n.d.
5,Sarrià – Sant Gervasi,2006-11,n.d.
5,Sarrià – Sant Gervasi,2006-12,n.d.
5,Sarrià – Sant Gervasi,2007-01,n.d.
5,Sarrià – Sant Gervasi,2007-02,n.d.
5,Sarrià – Sant Gervasi,2007-03,n.d.
5,Sarrià – Sant Gervasi,2007-04,n.d.
5,Sarrià – Sant Gervasi,2007-05,n.d.
5,Sarrià – Sant Gervasi,2007-06,n.d.
5,Sarrià – Sant Gervasi,2007-07,n.d.
5,Sarrià – Sant Gervasi,2007-08,n.d.
5,Sarrià – Sant Gervasi,2007-09,n.d.
5,Sarrià – Sant Gervasi,2007-10,n.d.
5,Sarrià – Sant Gervasi,2007-11,n.d.
5,Sarrià – Sant Gervasi,2007-12,n.d.
5,Sarrià – Sant Gervasi,2008-01,n.d.
5,Sarrià – Sant Gervasi,2008-02,n.d.
5,Sarrià – Sant Gervasi,2008-03,n.d.
5,Sarrià – Sant Gervasi,2008-04,n.d.
5,Sarrià – Sant Gervasi,2008-05,n.d.
5,Sarrià – Sant Gervasi,2008-06,n.d.
5,Sarrià – Sant Gervasi,2008-07,n.d.
5,Sarrià – Sant Gervasi,2008-08,n.d.
5,Sarrià – Sant Gervasi,2008-09,n.d.
5,Sarrià – Sant Gervasi,2008-10,n.d.
5,Sarrià – Sant Gervasi,2008-11,n.d.
5,Sarrià – Sant Gervasi,2008-12,n.d.
5,Sarrià – Sant Gervasi,2009-01,n.d.
5,Sarrià – Sant Gervasi,2009-02,n.d.
5,Sarrià – Sant Gervasi,2009-03,n.d.
5,Sarrià – Sant Gervasi,2009-04,n.d.
5,Sarrià – Sant Gervasi,2009-05,n.d.
5,Sarrià – Sant Gervasi,2009-06,4773
5,Sarrià – Sant Gervasi,2009-07,4560
5,Sarrià – Sant Gervasi,2009-08,4574
5,Sarrià – Sant Gervasi,2009-09,4662
5,Sarrià – Sant Gervasi,2009-10,4704
5,Sarrià – Sant Gervasi,2009-11,4874
5,Sarrià – Sant Gervasi,2009-12,4654
5,Sarrià – Sant Gervasi,2010-01,4784
5,Sarrià – Sant Gervasi,2010-02,4852
5,Sarrià – Sant Gervasi,2010-03,5013
5,Sarrià – Sant Gervasi,2010-04,4872
5,Sarrià – Sant Gervasi,2010-05,4745
5,Sarrià – Sant Gervasi,2010-06,4764
5,Sarrià – Sant Gervasi,2010-07,4791
5,Sarrià – Sant Gervasi,2010-08,4754
5,Sarrià – Sant Gervasi,2010-09,4814
5,Sarrià – Sant Gervasi,2010-10,4815
5,Sarrià – Sant Gervasi,2010-11,4882
5,Sarrià – Sant Gervasi,2010-12,4837
5,Sarrià – Sant Gervasi,2011-01,4757
5,Sarrià – Sant Gervasi,2011-02,4768
5,Sarrià – Sant Gervasi,2011-03,4779
5,Sarrià – Sant Gervasi,2011-04,4754
5,Sarrià – Sant Gervasi,2011-05,4769
5,Sarrià – Sant Gervasi,2011-06,4714
5,Sarrià – Sant Gervasi,2011-07,4646
5,Sarrià – Sant Gervasi,2011-08,4572
5,Sarrià – Sant Gervasi,2011-09,4542
5,Sarrià – Sant Gervasi,2011-10,4554
5,Sarrià – Sant Gervasi,2011-11,4564
5,Sarrià – Sant Gervasi,2011-12,4458
5,Sarrià – Sant Gervasi,2012-01,4381
5,Sarrià – Sant Gervasi,2012-02,4319
5,Sarrià – Sant Gervasi,2012-03,4335
5,Sarrià – Sant Gervasi,2012-04,4272
5,Sarrià – Sant Gervasi,2012-05,4261
5,Sarrià – Sant Gervasi,2012-06,4204
5,Sarrià – Sant Gervasi,2012-07,4149
5,Sarrià – Sant Gervasi,2012-08,4113
5,Sarrià – Sant Gervasi,2012-09,4066
5,Sarrià – Sant Gervasi,2012-10,4004
5,Sarrià – Sant Gervasi,2012-11,3978
5,Sarrià – Sant Gervasi,2012-12,3956
5,Sarrià – Sant Gervasi,2013-01,3928
5,Sarrià – Sant Gervasi,2013-02,3868
5,Sarrià – Sant Gervasi,2013-03,3836
5,Sarrià – Sant Gervasi,2013-04,3804
5,Sarrià – Sant Gervasi,2013-05,3769
5,Sarrià – Sant Gervasi,2013-06,3777
5,Sarrià – Sant Gervasi,2013-07,3793
5,Sarrià – Sant Gervasi,2013-08,3739
5,Sarrià – Sant Gervasi,2013-09,3761
5,Sarrià – Sant Gervasi,2013-10,3771
5,Sarrià – Sant Gervasi,2013-11,3813
5,Sarrià – Sant Gervasi,2013-12,3844
5,Sarrià – Sant Gervasi,2014-01,3861
5,Sarrià – Sant Gervasi,2014-02,3855
5,Sarrià – Sant Gervasi,2014-03,3842
5,Sarrià – Sant Gervasi,2014-04,3865
5,Sarrià – Sant Gervasi,2014-05,3856
5,Sarrià – Sant Gervasi,2014-06,3881
5,Sarrià – Sant Gervasi,2014-07,3910
5,Sarrià – Sant Gervasi,2014-08,3911
5,Sarrià – Sant Gervasi,2014-09,3935
5,Sarrià – Sant Gervasi,2014-10,3985
5,Sarrià – Sant Gervasi,2014-11,3986
5,Sarrià – Sant Gervasi,2014-12,3977
5,Sarrià – Sant Gervasi,2015-01,3973
5,Sarrià – Sant Gervasi,2015-02,3985
5,Sarrià – Sant Gervasi,2015-03,3980
5,Sarrià – Sant Gervasi,2015-04,4075
5,Sarrià – Sant Gervasi,2015-05,4103
5,Sarrià – Sant Gervasi,2015-06,4116
5,Sarrià – Sant Gervasi,2015-07,4194
5,Sarrià – Sant Gervasi,2015-08,4209
5,Sarrià – Sant Gervasi,2015-09,4220
5,Sarrià – Sant Gervasi,2015-10,4157
5,Sarrià – Sant Gervasi,2015-11,4214
5,Sarrià – Sant Gervasi,2015-12,4233
5,Sarrià – Sant Gervasi,2016-01,4241
5,Sarrià – Sant Gervasi,2016-02,4278
5,Sarrià – Sant Gervasi,2016-03,4311
5,Sarrià – Sant Gervasi,2016-04,4366
5,Sarrià – Sant Gervasi,2016-05,4401
5,Sarrià – Sant Gervasi,2016-06,4456
5,Sarrià – Sant Gervasi,2016-07,4513
5,Sarrià – Sant Gervasi,2016-08,4501
5,Sarrià – Sant Gervasi,2016-09,4537
5,Sarrià – Sant Gervasi,2016-10,4494
5,Sarrià – Sant Gervasi,2016-11,4508
5,Sarrià – Sant Gervasi,2016-12,4609
5,Sarrià – Sant Gervasi,2017-01,4718
5,Sarrià – Sant Gervasi,2017-02,4810
5,Sarrià – Sant Gervasi,2017-03,4855
5,Sarrià – Sant Gervasi,2017-04,4971
5,Sarrià – Sant Gervasi,2017-05,4979
5,Sarrià – Sant Gervasi,2017-06,5150
5,Sarrià – Sant Gervasi,2017-07,5216
5,Sarrià – Sant Gervasi,2017-08,5214
5,Sarrià – Sant Gervasi,2017-09,5171
5,Sarrià – Sant Gervasi,2017-10,5162
5,Sarrià – Sant Gervasi,2017-11,5197
5,Sarrià – Sant Gervasi,2017-12,5203
5,Sarrià – Sant Gervasi,2018-01,5236
5,Sarrià – Sant Gervasi,2018-02,5213
5,Sarrià – Sant Gervasi,2018-03,5235
5,Sarrià – Sant Gervasi,2018-04,5249
5,Sarrià – Sant Gervasi,2018-05,5263
5,Sarrià – Sant Gervasi,2018-06,5280
5,Sarrià – Sant Gervasi,2018-07,5371
5,Sarrià – Sant Gervasi,2018-08,5348
5,Sarrià – Sant Gervasi,2018-09,5426
5,Sarrià – Sant Gervasi,2018-10,5365
5,Sarrià – Sant Gervasi,2018-11,5364
5,Sarrià – Sant Gervasi,2018-12,5402
5,Sarrià – Sant Gervasi,2019-01,5445
5,Sarrià – Sant Gervasi,2019-02,5454
5,Sarrià – Sant Gervasi,2019-03,5437
5,Sarrià – Sant Gervasi,2019-04,5388
5,Sarrià – Sant Gervasi,2019-05,5392
5,Sarrià – Sant Gervasi,2019-06,5416
5,Sarrià – Sant Gervasi,2019-07,5388
5,Sarrià – Sant Gervasi,2019-08,5385
5,Sarrià – Sant Gervasi,2019-09,5388
5,Sarrià – Sant Gervasi,2019-10,5422
5,Sarrià – Sant Gervasi,2019-11,5389
5,Sarrià – Sant Gervasi,2019-12,5362
5,Sarrià – Sant Gervasi,2020-01,5336
5,Sarrià – Sant Gervasi,2020-02,5304
5,Sarrià – Sant Gervasi,2020-03,5270
5,Sarrià – Sant Gervasi,2020-04,5286
6,Gràcia,2006-01,n.d.
6,Gràcia,2006-02,n.d.
6,Gràcia,2006-03,n.d.
6,Gràcia,2006-04,n.d.
6,Gràcia,2006-05,n.d.
6,Gràcia,2006-06,n.d.
6,Gràcia,2006-07,n.d.
6,Gràcia,2006-08,n.d.
6,Gràcia,2006-09,n.d.
6,Gràcia,2006-10,n.d.
6,Gràcia,2006-11,n.d.
6,Gràcia,2006-12,n.d.
6,Gràcia,2007-01,n.d.
6,Gràcia,2007-02,n.d.
6,Gràcia,2007-03,n.d.
6,Gràcia,2007-04,n.d.
6,Gràcia,2007-05,n.d.
6,Gràcia,2007-06,n.d.
6,Gràcia,2007-07,n.d.
6,Gràcia,2007-08,n.d.
6,Gràcia,2007-09,n.d.
6,Gràcia,2007-10,n.d.
6,Gràcia,2007-11,n.d.
6,Gràcia,2007-12,n.d.
6,Gràcia,2008-01,n.d.
6,Gràcia,2008-02,n.d.
6,Gràcia,2008-03,n.d.
6,Gràcia,2008-04,n.d.
6,Gràcia,2008-05,n.d.
6,Gràcia,2008-06,n.d.
6,Gràcia,2008-07,n.d.
6,Gràcia,2008-08,n.d.
6,Gràcia,2008-09,n.d.
6,Gràcia,2008-10,n.d.
6,Gràcia,2008-11,n.d.
6,Gràcia,2008-12,n.d.
6,Gràcia,2009-01,n.d.
6,Gràcia,2009-02,n.d.
6,Gràcia,2009-03,n.d.
6,Gràcia,2009-04,n.d.
6,Gràcia,2009-05,n.d.
6,Gràcia,2009-06,n.d.
6,Gràcia,2009-07,3823
6,Gràcia,2009-08,3886
6,Gràcia,2009-09,4003
6,Gràcia,2009-10,4003
6,Gràcia,2009-11,3955
6,Gràcia,2009-12,3917
6,Gràcia,2010-01,4004
6,Gràcia,2010-02,4142
6,Gràcia,2010-03,4157
6,Gràcia,2010-04,4001
6,Gràcia,2010-05,4085
6,Gràcia,2010-06,4091
6,Gràcia,2010-07,4006
6,Gràcia,2010-08,3954
6,Gràcia,2010-09,3959
6,Gràcia,2010-10,4013
6,Gràcia,2010-11,3995
6,Gràcia,2010-12,4030
6,Gràcia,2011-01,4041
6,Gràcia,2011-02,4050
6,Gràcia,2011-03,4004
6,Gràcia,2011-04,3933
6,Gràcia,2011-05,3900
6,Gràcia,2011-06,3822
6,Gràcia,2011-07,3789
6,Gràcia,2011-08,3734
6,Gràcia,2011-09,3680
6,Gràcia,2011-10,3611
6,Gràcia,2011-11,3558
6,Gràcia,2011-12,3497
6,Gràcia,2012-01,3428
6,Gràcia,2012-02,3430
6,Gràcia,2012-03,3390
6,Gràcia,2012-04,3353
6,Gràcia,2012-05,3307
6,Gràcia,2012-06,3201
6,Gràcia,2012-07,3169
6,Gràcia,2012-08,3145
6,Gràcia,2012-09,3136
6,Gràcia,2012-10,3118
6,Gràcia,2012-11,3057
6,Gràcia,2012-12,3089
6,Gràcia,2013-01,3045
6,Gràcia,2013-02,3048
6,Gràcia,2013-03,3017
6,Gràcia,2013-04,2936
6,Gràcia,2013-05,2975
6,Gràcia,2013-06,3047
6,Gràcia,2013-07,3078
6,Gràcia,2013-08,3064
6,Gràcia,2013-09,3088
6,Gràcia,2013-10,3034
6,Gràcia,2013-11,3020
6,Gràcia,2013-12,3048
6,Gràcia,2014-01,3035
6,Gràcia,2014-02,3058
6,Gràcia,2014-03,3052
6,Gràcia,2014-04,3047
6,Gràcia,2014-05,2995
6,Gràcia,2014-06,2961
6,Gràcia,2014-07,2957
6,Gràcia,2014-08,2956
6,Gràcia,2014-09,2976
6,Gràcia,2014-10,3009
6,Gràcia,2014-11,3025
6,Gràcia,2014-12,3020
6,Gràcia,2015-01,3014
6,Gràcia,2015-02,3031
6,Gràcia,2015-03,3035
6,Gràcia,2015-04,3035
6,Gràcia,2015-05,3036
6,Gràcia,2015-06,3133
6,Gràcia,2015-07,3151
6,Gràcia,2015-08,3170
6,Gràcia,2015-09,3172
6,Gràcia,2015-10,3148
6,Gràcia,2015-11,3149
6,Gràcia,2015-12,3182
6,Gràcia,2016-01,3160
6,Gràcia,2016-02,3266
6,Gràcia,2016-03,3274
6,Gràcia,2016-04,3301
6,Gràcia,2016-05,3321
6,Gràcia,2016-06,3304
6,Gràcia,2016-07,3340
6,Gràcia,2016-08,3365
6,Gràcia,2016-09,3365
6,Gràcia,2016-10,3407
6,Gràcia,2016-11,3474
6,Gràcia,2016-12,3581
6,Gràcia,2017-01,3574
6,Gràcia,2017-02,3623
6,Gràcia,2017-03,3716
6,Gràcia,2017-04,3736
6,Gràcia,2017-05,3791
6,Gràcia,2017-06,3862
6,Gràcia,2017-07,4060
6,Gràcia,2017-08,4113
6,Gràcia,2017-09,4167
6,Gràcia,2017-10,4229
6,Gràcia,2017-11,4161
6,Gràcia,2017-12,4146
6,Gràcia,2018-01,4202
6,Gràcia,2018-02,4237
6,Gràcia,2018-03,4267
6,Gràcia,2018-04,4298
6,Gràcia,2018-05,4398
6,Gràcia,2018-06,4505
6,Gràcia,2018-07,4462
6,Gràcia,2018-08,4430
6,Gràcia,2018-09,4431
6,Gràcia,2018-10,4437
6,Gràcia,2018-11,4442
6,Gràcia,2018-12,4469
6,Gràcia,2019-01,4524
6,Gràcia,2019-02,4564
6,Gràcia,2019-03,4409
6,Gràcia,2019-04,4312
6,Gràcia,2019-05,4211
6,Gràcia,2019-06,4229
6,Gràcia,2019-07,4275
6,Gràcia,2019-08,4234
6,Gràcia,2019-09,4283
6,Gràcia,2019-10,4300
6,Gràcia,2019-11,4286
6,Gràcia,2019-12,4217
6,Gràcia,2020-01,4176
6,Gràcia,2020-02,4185
6,Gràcia,2020-03,4185
6,Gràcia,2020-04,4193
7,Horta-Guinardó,2006-01,n.d.
7,Horta-Guinardó,2006-02,n.d.
7,Horta-Guinardó,2006-03,n.d.
7,Horta-Guinardó,2006-04,n.d.
7,Horta-Guinardó,2006-05,n.d.
7,Horta-Guinardó,2006-06,n.d.
7,Horta-Guinardó,2006-07,n.d.
7,Horta-Guinardó,2006-08,n.d.
7,Horta-Guinardó,2006-09,n.d.
7,Horta-Guinardó,2006-10,n.d.
7,Horta-Guinardó,2006-11,n.d.
7,Horta-Guinardó,2006-12,n.d.
7,Horta-Guinardó,2007-01,n.d.
7,Horta-Guinardó,2007-02,n.d.
7,Horta-Guinardó,2007-03,n.d.
7,Horta-Guinardó,2007-04,n.d.
7,Horta-Guinardó,2007-05,n.d.
7,Horta-Guinardó,2007-06,n.d.
7,Horta-Guinardó,2007-07,n.d.
7,Horta-Guinardó,2007-08,n.d.
7,Horta-Guinardó,2007-09,n.d.
7,Horta-Guinardó,2007-10,n.d.
7,Horta-Guinardó,2007-11,n.d.
7,Horta-Guinardó,2007-12,n.d.
7,Horta-Guinardó,2008-01,n.d.
7,Horta-Guinardó,2008-02,n.d.
7,Horta-Guinardó,2008-03,n.d.
7,Horta-Guinardó,2008-04,n.d.
7,Horta-Guinardó,2008-05,n.d.
7,Horta-Guinardó,2008-06,n.d.
7,Horta-Guinardó,2008-07,n.d.
7,Horta-Guinardó,2008-08,n.d.
7,Horta-Guinardó,2008-09,3431
7,Horta-Guinardó,2008-10,3159
7,Horta-Guinardó,2008-11,3094
7,Horta-Guinardó,2008-12,3232
7,Horta-Guinardó,2009-01,3248
7,Horta-Guinardó,2009-02,3238
7,Horta-Guinardó,2009-03,3346
7,Horta-Guinardó,2009-04,3352
7,Horta-Guinardó,2009-05,3338
7,Horta-Guinardó,2009-06,3191
7,Horta-Guinardó,2009-07,3154
7,Horta-Guinardó,2009-08,3180
7,Horta-Guinardó,2009-09,3192
7,Horta-Guinardó,2009-10,3169
7,Horta-Guinardó,2009-11,3119
7,Horta-Guinardó,2009-12,3117
7,Horta-Guinardó,2010-01,3076
7,Horta-Guinardó,2010-02,3094
7,Horta-Guinardó,2010-03,3108
7,Horta-Guinardó,2010-04,3167
7,Horta-Guinardó,2010-05,3206
7,Horta-Guinardó,2010-06,3239
7,Horta-Guinardó,2010-07,3240
7,Horta-Guinardó,2010-08,3168
7,Horta-Guinardó,2010-09,3174
7,Horta-Guinardó,2010-10,3164
7,Horta-Guinardó,2010-11,3138
7,Horta-Guinardó,2010-12,3135
7,Horta-Guinardó,2011-01,3132
7,Horta-Guinardó,2011-02,3092
7,Horta-Guinardó,2011-03,3059
7,Horta-Guinardó,2011-04,3064
7,Horta-Guinardó,2011-05,3054
7,Horta-Guinardó,2011-06,3016
7,Horta-Guinardó,2011-07,2999
7,Horta-Guinardó,2011-08,2987
7,Horta-Guinardó,2011-09,2945
7,Horta-Guinardó,2011-10,2905
7,Horta-Guinardó,2011-11,2881
7,Horta-Guinardó,2011-12,2846
7,Horta-Guinardó,2012-01,2831
7,Horta-Guinardó,2012-02,2812
7,Horta-Guinardó,2012-03,2741
7,Horta-Guinardó,2012-04,2686
7,Horta-Guinardó,2012-05,2661
7,Horta-Guinardó,2012-06,2675
7,Horta-Guinardó,2012-07,2658
7,Horta-Guinardó,2012-08,2610
7,Horta-Guinardó,2012-09,2548
7,Horta-Guinardó,2012-10,2530
7,Horta-Guinardó,2012-11,2493
7,Horta-Guinardó,2012-12,2461
7,Horta-Guinardó,2013-01,2429
7,Horta-Guinardó,2013-02,2436
7,Horta-Guinardó,2013-03,2450
7,Horta-Guinardó,2013-04,2443
7,Horta-Guinardó,2013-05,2394
7,Horta-Guinardó,2013-06,2363
7,Horta-Guinardó,2013-07,2358
7,Horta-Guinardó,2013-08,2327
7,Horta-Guinardó,2013-09,2344
7,Horta-Guinardó,2013-10,2388
7,Horta-Guinardó,2013-11,2346
7,Horta-Guinardó,2013-12,2310
7,Horta-Guinardó,2014-01,2301
7,Horta-Guinardó,2014-02,2303
7,Horta-Guinardó,2014-03,2293
7,Horta-Guinardó,2014-04,2286
7,Horta-Guinardó,2014-05,2296
7,Horta-Guinardó,2014-06,2277
7,Horta-Guinardó,2014-07,2271
7,Horta-Guinardó,2014-08,2272
7,Horta-Guinardó,2014-09,2293
7,Horta-Guinardó,2014-10,2293
7,Horta-Guinardó,2014-11,2294
7,Horta-Guinardó,2014-12,2293
7,Horta-Guinardó,2015-01,2320
7,Horta-Guinardó,2015-02,2328
7,Horta-Guinardó,2015-03,2305
7,Horta-Guinardó,2015-04,2279
7,Horta-Guinardó,2015-05,2263
7,Horta-Guinardó,2015-06,2259
7,Horta-Guinardó,2015-07,2290
7,Horta-Guinardó,2015-08,2302
7,Horta-Guinardó,2015-09,2310
7,Horta-Guinardó,2015-10,2304
7,Horta-Guinardó,2015-11,2314
7,Horta-Guinardó,2015-12,2352
7,Horta-Guinardó,2016-01,2377
7,Horta-Guinardó,2016-02,2359
7,Horta-Guinardó,2016-03,2401
7,Horta-Guinardó,2016-04,2421
7,Horta-Guinardó,2016-05,2436
7,Horta-Guinardó,2016-06,2432
7,Horta-Guinardó,2016-07,2461
7,Horta-Guinardó,2016-08,2495
7,Horta-Guinardó,2016-09,2498
7,Horta-Guinardó,2016-10,2530
7,Horta-Guinardó,2016-11,2581
7,Horta-Guinardó,2016-12,2642
7,Horta-Guinardó,2017-01,2669
7,Horta-Guinardó,2017-02,2697
7,Horta-Guinardó,2017-03,2730
7,Horta-Guinardó,2017-04,2734
7,Horta-Guinardó,2017-05,2797
7,Horta-Guinardó,2017-06,2872
7,Horta-Guinardó,2017-07,2910
7,Horta-Guinardó,2017-08,2953
7,Horta-Guinardó,2017-09,3024
7,Horta-Guinardó,2017-10,3176
7,Horta-Guinardó,2017-11,3127
7,Horta-Guinardó,2017-12,3070
7,Horta-Guinardó,2018-01,3088
7,Horta-Guinardó,2018-02,3143
7,Horta-Guinardó,2018-03,3156
7,Horta-Guinardó,2018-04,3195
7,Horta-Guinardó,2018-05,3204
7,Horta-Guinardó,2018-06,3236
7,Horta-Guinardó,2018-07,3220
7,Horta-Guinardó,2018-08,3189
7,Horta-Guinardó,2018-09,3187
7,Horta-Guinardó,2018-10,3204
7,Horta-Guinardó,2018-11,3203
7,Horta-Guinardó,2018-12,3197
7,Horta-Guinardó,2019-01,3199
7,Horta-Guinardó,2019-02,3201
7,Horta-Guinardó,2019-03,3200
7,Horta-Guinardó,2019-04,3200
7,Horta-Guinardó,2019-05,3153
7,Horta-Guinardó,2019-06,3163
7,Horta-Guinardó,2019-07,3123
7,Horta-Guinardó,2019-08,3097
7,Horta-Guinardó,2019-09,3080
7,Horta-Guinardó,2019-10,3065
7,Horta-Guinardó,2019-11,3065
7,Horta-Guinardó,2019-12,3080
7,Horta-Guinardó,2020-01,3105
7,Horta-Guinardó,2020-02,3175
7,Horta-Guinardó,2020-03,3205
7,Horta-Guinardó,2020-04,3200
8,Nou Barris,2006-01,n.d.
8,Nou Barris,2006-02,n.d.
8,Nou Barris,2006-03,n.d.
8,Nou Barris,2006-04,n.d.
8,Nou Barris,2006-05,n.d.
8,Nou Barris,2006-06,n.d.
8,Nou Barris,2006-07,n.d.
8,Nou Barris,2006-08,n.d.
8,Nou Barris,2006-09,n.d.
8,Nou Barris,2006-10,n.d.
8,Nou Barris,2006-11,n.d.
8,Nou Barris,2006-12,n.d.
8,Nou Barris,2007-01,n.d.
8,Nou Barris,2007-02,n.d.
8,Nou Barris,2007-03,n.d.
8,Nou Barris,2007-04,n.d.
8,Nou Barris,2007-05,n.d.
8,Nou Barris,2007-06,n.d.
8,Nou Barris,2007-07,n.d.
8,Nou Barris,2007-08,n.d.
8,Nou Barris,2007-09,n.d.
8,Nou Barris,2007-10,n.d.
8,Nou Barris,2007-11,n.d.
8,Nou Barris,2007-12,n.d.
8,Nou Barris,2008-01,n.d.
8,Nou Barris,2008-02,n.d.
8,Nou Barris,2008-03,n.d.
8,Nou Barris,2008-04,n.d.
8,Nou Barris,2008-05,n.d.
8,Nou Barris,2008-06,n.d.
8,Nou Barris,2008-07,n.d.
8,Nou Barris,2008-08,n.d.
8,Nou Barris,2008-09,n.d.
8,Nou Barris,2008-10,n.d.
8,Nou Barris,2008-11,n.d.
8,Nou Barris,2008-12,n.d.
8,Nou Barris,2009-01,n.d.
8,Nou Barris,2009-02,2941
8,Nou Barris,2009-03,2941
8,Nou Barris,2009-04,2917
8,Nou Barris,2009-05,2869
8,Nou Barris,2009-06,2917
8,Nou Barris,2009-07,2920
8,Nou Barris,2009-08,2841
8,Nou Barris,2009-09,2732
8,Nou Barris,2009-10,2697
8,Nou Barris,2009-11,2834
8,Nou Barris,2009-12,2743
8,Nou Barris,2010-01,2888
8,Nou Barris,2010-02,2754
8,Nou Barris,2010-03,2841
8,Nou Barris,2010-04,2749
8,Nou Barris,2010-05,2802
8,Nou Barris,2010-06,2756
8,Nou Barris,2010-07,2700
8,Nou Barris,2010-08,2609
8,Nou Barris,2010-09,2662
8,Nou Barris,2010-10,2720
8,Nou Barris,2010-11,2679
8,Nou Barris,2010-12,2659
8,Nou Barris,2011-01,2704
8,Nou Barris,2011-02,2672
8,Nou Barris,2011-03,2671
8,Nou Barris,2011-04,2671
8,Nou Barris,2011-05,2654
8,Nou Barris,2011-06,2624
8,Nou Barris,2011-07,2589
8,Nou Barris,2011-08,2534
8,Nou Barris,2011-09,2526
8,Nou Barris,2011-10,2491
8,Nou Barris,2011-11,2446
8,Nou Barris,2011-12,2423
8,Nou Barris,2012-01,2373
8,Nou Barris,2012-02,2304
8,Nou Barris,2012-03,2259
8,Nou Barris,2012-04,2247
8,Nou Barris,2012-05,2236
8,Nou Barris,2012-06,2239
8,Nou Barris,2012-07,2227
8,Nou Barris,2012-08,2181
8,Nou Barris,2012-09,2149
8,Nou Barris,2012-10,2125
8,Nou Barris,2012-11,2081
8,Nou Barris,2012-12,1993
8,Nou Barris,2013-01,1991
8,Nou Barris,2013-02,2016
8,Nou Barris,2013-03,1994
8,Nou Barris,2013-04,1952
8,Nou Barris,2013-05,1933
8,Nou Barris,2013-06,1927
8,Nou Barris,2013-07,1937
8,Nou Barris,2013-08,1916
8,Nou Barris,2013-09,1930
8,Nou Barris,2013-10,1926
8,Nou Barris,2013-11,1900
8,Nou Barris,2013-12,1840
8,Nou Barris,2014-01,1813
8,Nou Barris,2014-02,1845
8,Nou Barris,2014-03,1788
8,Nou Barris,2014-04,1743
8,Nou Barris,2014-05,1741
8,Nou Barris,2014-06,1760
8,Nou Barris,2014-07,1760
8,Nou Barris,2014-08,1733
8,Nou Barris,2014-09,1745
8,Nou Barris,2014-10,1733
8,Nou Barris,2014-11,1747
8,Nou Barris,2014-12,1794
8,Nou Barris,2015-01,1823
8,Nou Barris,2015-02,1783
8,Nou Barris,2015-03,1804
8,Nou Barris,2015-04,1775
8,Nou Barris,2015-05,1768
8,Nou Barris,2015-06,1787
8,Nou Barris,2015-07,1819
8,Nou Barris,2015-08,1778
8,Nou Barris,2015-09,1774
8,Nou Barris,2015-10,1774
8,Nou Barris,2015-11,1755
8,Nou Barris,2015-12,1759
8,Nou Barris,2016-01,1803
8,Nou Barris,2016-02,1791
8,Nou Barris,2016-03,1808
8,Nou Barris,2016-04,1807
8,Nou Barris,2016-05,1823
8,Nou Barris,2016-06,1838
8,Nou Barris,2016-07,1853
8,Nou Barris,2016-08,1859
8,Nou Barris,2016-09,1858
8,Nou Barris,2016-10,1900
8,Nou Barris,2016-11,1912
8,Nou Barris,2016-12,1925
8,Nou Barris,2017-01,1963
8,Nou Barris,2017-02,1977
8,Nou Barris,2017-03,1972
8,Nou Barris,2017-04,1968
8,Nou Barris,2017-05,1978
8,Nou Barris,2017-06,2036
8,Nou Barris,2017-07,2118
8,Nou Barris,2017-08,2207
8,Nou Barris,2017-09,2216
8,Nou Barris,2017-10,2172
8,Nou Barris,2017-11,2197
8,Nou Barris,2017-12,2189
8,Nou Barris,2018-01,2217
8,Nou Barris,2018-02,2291
8,Nou Barris,2018-03,2351
8,Nou Barris,2018-04,2350
8,Nou Barris,2018-05,2385
8,Nou Barris,2018-06,2423
8,Nou Barris,2018-07,2443
8,Nou Barris,2018-08,2482
8,Nou Barris,2018-09,2500
8,Nou Barris,2018-10,2551
8,Nou Barris,2018-11,2552
8,Nou Barris,2018-12,2506
8,Nou Barris,2019-01,2478
8,Nou Barris,2019-02,2468
8,Nou Barris,2019-03,2482
8,Nou Barris,2019-04,2494
8,Nou Barris,2019-05,2545
8,Nou Barris,2019-06,2574
8,Nou Barris,2019-07,2556
8,Nou Barris,2019-08,2557
8,Nou Barris,2019-09,2563
8,Nou Barris,2019-10,2538
8,Nou Barris,2019-11,2543
8,Nou Barris,2019-12,2591
8,Nou Barris,2020-01,2574
8,Nou Barris,2020-02,2542
8,Nou Barris,2020-03,2551
8,Nou Barris,2020-04,2547
9,Sant Andreu,2006-01,n.d.
9,Sant Andreu,2006-02,n.d.
9,Sant Andreu,2006-03,n.d.
9,Sant Andreu,2006-04,n.d.
9,Sant Andreu,2006-05,n.d.
9,Sant Andreu,2006-06,n.d.
9,Sant Andreu,2006-07,n.d.
9,Sant Andreu,2006-08,n.d.
9,Sant Andreu,2006-09,n.d.
9,Sant Andreu,2006-10,n.d.
9,Sant Andreu,2006-11,n.d.
9,Sant Andreu,2006-12,n.d.
9,Sant Andreu,2007-01,n.d.
9,Sant Andreu,2007-02,n.d.
9,Sant Andreu,2007-03,n.d.
9,Sant Andreu,2007-04,n.d.
9,Sant Andreu,2007-05,n.d.
9,Sant Andreu,2007-06,n.d.
9,Sant Andreu,2007-07,n.d.
9,Sant Andreu,2007-08,n.d.
9,Sant Andreu,2007-09,n.d.
9,Sant Andreu,2007-10,n.d.
9,Sant Andreu,2007-11,n.d.
9,Sant Andreu,2007-12,n.d.
9,Sant Andreu,2008-01,n.d.
9,Sant Andreu,2008-02,n.d.
9,Sant Andreu,2008-03,n.d.
9,Sant Andreu,2008-04,n.d.
9,Sant Andreu,2008-05,n.d.
9,Sant Andreu,2008-06,n.d.
9,Sant Andreu,2008-07,n.d.
9,Sant Andreu,2008-08,n.d.
9,Sant Andreu,2008-09,n.d.
9,Sant Andreu,2008-10,n.d.
9,Sant Andreu,2008-11,n.d.
9,Sant Andreu,2008-12,n.d.
9,Sant Andreu,2009-01,n.d.
9,Sant Andreu,2009-02,n.d.
9,Sant Andreu,2009-03,n.d.
9,Sant Andreu,2009-04,2873
9,Sant Andreu,2009-05,2794
9,Sant Andreu,2009-06,3138
9,Sant Andreu,2009-07,3158
9,Sant Andreu,2009-08,3091
9,Sant Andreu,2009-09,2984
9,Sant Andreu,2009-10,3066
9,Sant Andreu,2009-11,3278
9,Sant Andreu,2009-12,3014
9,Sant Andreu,2010-01,3037
9,Sant Andreu,2010-02,2997
9,Sant Andreu,2010-03,3033
9,Sant Andreu,2010-04,3183
9,Sant Andreu,2010-05,3246
9,Sant Andreu,2010-06,3235
9,Sant Andreu,2010-07,3129
9,Sant Andreu,2010-08,3022
9,Sant Andreu,2010-09,2887
9,Sant Andreu,2010-10,3077
9,Sant Andreu,2010-11,3059
9,Sant Andreu,2010-12,3047
9,Sant Andreu,2011-01,3028
9,Sant Andreu,2011-02,3014
9,Sant Andreu,2011-03,3078
9,Sant Andreu,2011-04,3010
9,Sant Andreu,2011-05,3003
9,Sant Andreu,2011-06,3032
9,Sant Andreu,2011-07,3028
9,Sant Andreu,2011-08,2965
9,Sant Andreu,2011-09,2893
9,Sant Andreu,2011-10,2805
9,Sant Andreu,2011-11,2799
9,Sant Andreu,2011-12,2772
9,Sant Andreu,2012-01,2759
9,Sant Andreu,2012-02,2710
9,Sant Andreu,2012-03,2661
9,Sant Andreu,2012-04,2659
9,Sant Andreu,2012-05,2663
9,Sant Andreu,2012-06,2654
9,Sant Andreu,2012-07,2643
9,Sant Andreu,2012-08,2612
9,Sant Andreu,2012-09,2491
9,Sant Andreu,2012-10,2452
9,Sant Andreu,2012-11,2508
9,Sant Andreu,2012-12,2496
9,Sant Andreu,2013-01,2496
9,Sant Andreu,2013-02,2465
9,Sant Andreu,2013-03,2446
9,Sant Andreu,2013-04,2432
9,Sant Andreu,2013-05,2385
9,Sant Andreu,2013-06,2351
9,Sant Andreu,2013-07,2346
9,Sant Andreu,2013-08,2352
9,Sant Andreu,2013-09,2329
9,Sant Andreu,2013-10,2284
9,Sant Andreu,2013-11,2237
9,Sant Andreu,2013-12,2217
9,Sant Andreu,2014-01,2211
9,Sant Andreu,2014-02,2264
9,Sant Andreu,2014-03,2253
9,Sant Andreu,2014-04,2247
9,Sant Andreu,2014-05,2191
9,Sant Andreu,2014-06,2163
9,Sant Andreu,2014-07,2166
9,Sant Andreu,2014-08,2122
9,Sant Andreu,2014-09,2115
9,Sant Andreu,2014-10,2124
9,Sant Andreu,2014-11,2126
9,Sant Andreu,2014-12,2166
9,Sant Andreu,2015-01,2182
9,Sant Andreu,2015-02,2238
9,Sant Andreu,2015-03,2283
9,Sant Andreu,2015-04,2281
9,Sant Andreu,2015-05,2258
9,Sant Andreu,2015-06,2324
9,Sant Andreu,2015-07,2334
9,Sant Andreu,2015-08,2298
9,Sant Andreu,2015-09,2311
9,Sant Andreu,2015-10,2312
9,Sant Andreu,2015-11,2318
9,Sant Andreu,2015-12,2332
9,Sant Andreu,2016-01,2372
9,Sant Andreu,2016-02,2349
9,Sant Andreu,2016-03,2328
9,Sant Andreu,2016-04,2323
9,Sant Andreu,2016-05,2322
9,Sant Andreu,2016-06,2355
9,Sant Andreu,2016-07,2349
9,Sant Andreu,2016-08,2361
9,Sant Andreu,2016-09,2359
9,Sant Andreu,2016-10,2457
9,Sant Andreu,2016-11,2468
9,Sant Andreu,2016-12,2511
9,Sant Andreu,2017-01,2534
9,Sant Andreu,2017-02,2564
9,Sant Andreu,2017-03,2642
9,Sant Andreu,2017-04,2668
9,Sant Andreu,2017-05,2685
9,Sant Andreu,2017-06,2648
9,Sant Andreu,2017-07,2728
9,Sant Andreu,2017-08,2765
9,Sant Andreu,2017-09,2772
9,Sant Andreu,2017-10,2805
9,Sant Andreu,2017-11,2868
9,Sant Andreu,2017-12,2915
9,Sant Andreu,2018-01,2938
9,Sant Andreu,2018-02,2995
9,Sant Andreu,2018-03,3070
9,Sant Andreu,2018-04,3103
9,Sant Andreu,2018-05,3187
9,Sant Andreu,2018-06,3162
9,Sant Andreu,2018-07,3200
9,Sant Andreu,2018-08,3258
9,Sant Andreu,2018-09,3336
9,Sant Andreu,2018-10,3336
9,Sant Andreu,2018-11,3301
9,Sant Andreu,2018-12,3262
9,Sant Andreu,2019-01,3235
9,Sant Andreu,2019-02,3192
9,Sant Andreu,2019-03,3171
9,Sant Andreu,2019-04,3196
9,Sant Andreu,2019-05,3226
9,Sant Andreu,2019-06,3297
9,Sant Andreu,2019-07,3273
9,Sant Andreu,2019-08,3274
9,Sant Andreu,2019-09,3248
9,Sant Andreu,2019-10,3227
9,Sant Andreu,2019-11,3240
9,Sant Andreu,2019-12,3261
9,Sant Andreu,2020-01,3236
9,Sant Andreu,2020-02,3202
9,Sant Andreu,2020-03,3214
9,Sant Andreu,2020-04,3218
10,Sant Martí,2006-01,n.d.
10,Sant Martí,2006-02,n.d.
10,Sant Martí,2006-03,n.d.
10,Sant Martí,2006-04,n.d.
10,Sant Martí,2006-05,n.d.
10,Sant Martí,2006-06,n.d.
10,Sant Martí,2006-07,n.d.
10,Sant Martí,2006-08,n.d.
10,Sant Martí,2006-09,n.d.
10,Sant Martí,2006-10,n.d.
10,Sant Martí,2006-11,n.d.
10,Sant Martí,2006-12,n.d.
10,Sant Martí,2007-01,n.d.
10,Sant Martí,2007-02,n.d.
10,Sant Martí,2007-03,n.d.
10,Sant Martí,2007-04,n.d.
10,Sant Martí,2007-05,n.d.
10,Sant Martí,2007-06,n.d.
10,Sant Martí,2007-07,n.d.
10,Sant Martí,2007-08,n.d.
10,Sant Martí,2007-09,n.d.
10,Sant Martí,2007-10,n.d.
10,Sant Martí,2007-11,n.d.
10,Sant Martí,2007-12,n.d.
10,Sant Martí,2008-01,n.d.
10,Sant Martí,2008-02,n.d.
10,Sant Martí,2008-03,n.d.
10,Sant Martí,2008-04,n.d.
10,Sant Martí,2008-05,n.d.
10,Sant Martí,2008-06,n.d.
10,Sant Martí,2008-07,3887
10,Sant Martí,2008-08,3862
10,Sant Martí,2008-09,3889
10,Sant Martí,2008-10,3778
10,Sant Martí,2008-11,3774
10,Sant Martí,2008-12,3774
10,Sant Martí,2009-01,3881
10,Sant Martí,2009-02,3843
10,Sant Martí,2009-03,3943
10,Sant Martí,2009-04,4008
10,Sant Martí,2009-05,4022
10,Sant Martí,2009-06,4037
10,Sant Martí,2009-07,4036
10,Sant Martí,2009-08,4025
10,Sant Martí,2009-09,4005
10,Sant Martí,2009-10,3995
10,Sant Martí,2009-11,3986
10,Sant Martí,2009-12,3924
10,Sant Martí,2010-01,3936
10,Sant Martí,2010-02,3834
10,Sant Martí,2010-03,3832
10,Sant Martí,2010-04,3830
10,Sant Martí,2010-05,3834
10,Sant Martí,2010-06,3836
10,Sant Martí,2010-07,3868
10,Sant Martí,2010-08,3802
10,Sant Martí,2010-09,3733
10,Sant Martí,2010-10,3734
10,Sant Martí,2010-11,3740
10,Sant Martí,2010-12,3679
10,Sant Martí,2011-01,3673
10,Sant Martí,2011-02,3612
10,Sant Martí,2011-03,3635
10,Sant Martí,2011-04,3572
10,Sant Martí,2011-05,3513
10,Sant Martí,2011-06,3463
10,Sant Martí,2011-07,3387
10,Sant Martí,2011-08,3331
10,Sant Martí,2011-09,3314
10,Sant Martí,2011-10,3267
10,Sant Martí,2011-11,3306
10,Sant Martí,2011-12,3303
10,Sant Martí,2012-01,3298
10,Sant Martí,2012-02,3198
10,Sant Martí,2012-03,3122
10,Sant Martí,2012-04,3130
10,Sant Martí,2012-05,3147
10,Sant Martí,2012-06,3127
10,Sant Martí,2012-07,3080
10,Sant Martí,2012-08,3111
10,Sant Martí,2012-09,3180
10,Sant Martí,2012-10,3074
10,Sant Martí,2012-11,3008
10,Sant Martí,2012-12,2962
10,Sant Martí,2013-01,2908
10,Sant Martí,2013-02,2943
10,Sant Martí,2013-03,2973
10,Sant Martí,2013-04,2876
10,Sant Martí,2013-05,2866
10,Sant Martí,2013-06,2856
10,Sant Martí,2013-07,2863
10,Sant Martí,2013-08,2867
10,Sant Martí,2013-09,2855
10,Sant Martí,2013-10,2878
10,Sant Martí,2013-11,2836
10,Sant Martí,2013-12,2833
10,Sant Martí,2014-01,2828
10,Sant Martí,2014-02,2884
10,Sant Martí,2014-03,2925
10,Sant Martí,2014-04,3057
10,Sant Martí,2014-05,3091
10,Sant Martí,2014-06,2996
10,Sant Martí,2014-07,3045
10,Sant Martí,2014-08,3064
10,Sant Martí,2014-09,3068
10,Sant Martí,2014-10,3008
10,Sant Martí,2014-11,2944
10,Sant Martí,2014-12,2965
10,Sant Martí,2015-01,3048
10,Sant Martí,2015-02,3071
10,Sant Martí,2015-03,3049
10,Sant Martí,2015-04,2994
10,Sant Martí,2015-05,3025
10,Sant Martí,2015-06,2991
10,Sant Martí,2015-07,3069
10,Sant Martí,2015-08,3189
10,Sant Martí,2015-09,3223
10,Sant Martí,2015-10,3258
10,Sant Martí,2015-11,3145
10,Sant Martí,2015-12,3199
10,Sant Martí,2016-01,3161
10,Sant Martí,2016-02,3219
10,Sant Martí,2016-03,3206
10,Sant Martí,2016-04,3168
10,Sant Martí,2016-05,3220
10,Sant Martí,2016-06,3246
10,Sant Martí,2016-07,3278
10,Sant Martí,2016-08,3307
10,Sant Martí,2016-09,3305
10,Sant Martí,2016-10,3406
10,Sant Martí,2016-11,3514
10,Sant Martí,2016-12,3611
10,Sant Martí,2017-01,3656
10,Sant Martí,2017-02,3708
10,Sant Martí,2017-03,3745
10,Sant Martí,2017-04,3834
10,Sant Martí,2017-05,3922
10,Sant Martí,2017-06,4035
10,Sant Martí,2017-07,4085
10,Sant Martí,2017-08,4075
10,Sant Martí,2017-09,4016
10,Sant Martí,2017-10,3948
10,Sant Martí,2017-11,3875
10,Sant Martí,2017-12,3788
10,Sant Martí,2018-01,3771
10,Sant Martí,2018-02,3841
10,Sant Martí,2018-03,3851
10,Sant Martí,2018-04,3854
10,Sant Martí,2018-05,3864
10,Sant Martí,2018-06,3903
10,Sant Martí,2018-07,3865
10,Sant Martí,2018-08,3843
10,Sant Martí,2018-09,3895
10,Sant Martí,2018-10,3910
10,Sant Martí,2018-11,3879
10,Sant Martí,2018-12,3862
10,Sant Martí,2019-01,3897
10,Sant Martí,2019-02,3939
10,Sant Martí,2019-03,3904
10,Sant Martí,2019-04,3871
10,Sant Martí,2019-05,3821
10,Sant Martí,2019-06,3794
10,Sant Martí,2019-07,3742
10,Sant Martí,2019-08,3785
10,Sant Martí,2019-09,3847
10,Sant Martí,2019-10,3873
10,Sant Martí,2019-11,3854
10,Sant Martí,2019-12,3791
10,Sant Martí,2020-01,3740
10,Sant Martí,2020-02,3713
10,Sant Martí,2020-03,3697
10,Sant Martí,2020-04,3699
